GEOID,year,name,parent-location,population,poverty-rate,renter-occupied-households,pct-renter-occupied,median-gross-rent,median-household-income,median-property-value,rent-burden,pct-white,pct-af-am,pct-hispanic,pct-am-ind,pct-asian,pct-nh-pi,pct-multiple,pct-other,eviction-filings,evictions,eviction-rate,eviction-filing-rate,low-flag,imputed,subbed
1301696,2000,Alpharetta,Georgia,34854,5.16,,39.71,908,71207,226300,22.5,80.75,6.38,5.53,0.17,5.7,0.02,1.09,0.37,,,,,0,0,0
1301696,2001,Alpharetta,Georgia,34854,5.16,6135.07,39.71,908,71207,226300,22.5,80.75,6.38,5.53,0.17,5.7,0.02,1.09,0.37,727.27,2.89,0.05,11.85,0,0,0
1301696,2002,Alpharetta,Georgia,34854,5.16,6359.08,39.71,908,71207,226300,22.5,80.75,6.38,5.53,0.17,5.7,0.02,1.09,0.37,872.67,3.84,0.06,13.72,0,0,0
1301696,2003,Alpharetta,Georgia,34854,5.16,6589.04,39.71,908,71207,226300,22.5,80.75,6.38,5.53,0.17,5.7,0.02,1.09,0.37,1105.49,0,0,16.78,0,0,0
1301696,2004,Alpharetta,Georgia,34854,5.16,6811.26,39.71,908,71207,226300,22.5,80.75,6.38,5.53,0.17,5.7,0.02,1.09,0.37,979.24,1.46,0.02,14.38,0,0,0
1301696,2005,Alpharetta,Georgia,49996,2.78,7041.32,31.87,1035,95888,331700,21.5,72.9,6.82,7.34,0,11.07,0.3,1.3,0.27,1014.16,5.81,0.08,14.4,0,0,0
1301696,2006,Alpharetta,Georgia,49996,2.78,7267.07,31.87,1035,95888,331700,21.5,72.9,6.82,7.34,0,11.07,0.3,1.3,0.27,934.43,62.34,0.86,12.86,0,0,0
1301696,2007,Alpharetta,Georgia,49996,2.78,7489.29,31.87,1035,95888,331700,21.5,72.9,6.82,7.34,0,11.07,0.3,1.3,0.27,799.43,97.22,1.3,10.67,1,0,0
1301696,2008,Alpharetta,Georgia,49996,2.78,7715.25,31.87,1035,95888,331700,21.5,72.9,6.82,7.34,0,11.07,0.3,1.3,0.27,828.78,149.38,1.94,10.74,0,0,0
1301696,2009,Alpharetta,Georgia,49996,2.78,7941.88,31.87,1035,95888,331700,21.5,72.9,6.82,7.34,0,11.07,0.3,1.3,0.27,790.32,188.32,2.37,9.95,1,0,0
1301696,2010,Alpharetta,Georgia,57551,3.04,8166.84,35.02,1098,91991,324300,23.4,64.97,10.6,8.5,0.12,13.34,0.05,2.05,0.37,1077.47,283.07,3.47,13.19,1,0,0
1301696,2011,Alpharetta,Georgia,62054,5.24,8387.67,37.4,1184,92839,327000,24.1,63.52,9.77,7.42,0.4,15.33,0.13,3.06,0.38,1098.3,290.06,3.46,13.09,0,0,0
1301696,2012,Alpharetta,Georgia,62054,5.24,8605.61,37.4,1184,92839,327000,24.1,63.52,9.77,7.42,0.4,15.33,0.13,3.06,0.38,934.48,227.44,2.64,10.86,1,0,0
1301696,2013,Alpharetta,Georgia,62054,5.24,8829.74,37.4,1184,92839,327000,24.1,63.52,9.77,7.42,0.4,15.33,0.13,3.06,0.38,519.19,50.24,0.57,5.88,1,0,0
1301696,2014,Alpharetta,Georgia,62054,5.24,9042.56,37.4,1184,92839,327000,24.1,63.52,9.77,7.42,0.4,15.33,0.13,3.06,0.38,1080.41,68.67,0.76,11.95,0,0,0
1301696,2015,Alpharetta,Georgia,62054,5.24,9264.02,37.4,1184,92839,327000,24.1,63.52,9.77,7.42,0.4,15.33,0.13,3.06,0.38,937.71,149.6,1.61,10.12,0,0,0
1301696,2016,Alpharetta,Georgia,62054,5.24,9481.33,37.4,1184,92839,327000,24.1,63.52,9.77,7.42,0.4,15.33,0.13,3.06,0.38,859.19,167.28,1.76,9.06,0,0,0
1304000,2000,Atlanta,Georgia,416474,24.4,94475.35,56.3,606,34770,130600,27.1,31.27,61,4.49,0.14,1.91,0.03,1,0.15,967.46,279.98,0.3,1.02,1,0,0
1304000,2001,Atlanta,Georgia,416474,24.4,95282.32,56.3,606,34770,130600,27.1,31.27,61,4.49,0.14,1.91,0.03,1,0.15,25239.08,495.4,0.52,26.49,0,0,0
1304000,2002,Atlanta,Georgia,416474,24.4,96055.3,56.3,606,34770,130600,27.1,31.27,61,4.49,0.14,1.91,0.03,1,0.15,24518.63,643.97,0.67,25.53,0,0,0
1304000,2003,Atlanta,Georgia,416474,24.4,96866.57,56.3,606,34770,130600,27.1,31.27,61,4.49,0.14,1.91,0.03,1,0.15,24335.44,360.26,0.37,25.12,0,0,0
1304000,2004,Atlanta,Georgia,416474,24.4,97646.94,56.3,606,34770,130600,27.1,31.27,61,4.49,0.14,1.91,0.03,1,0.15,21590.71,386.26,0.4,22.11,0,0,0
1304000,2005,Atlanta,Georgia,515843,17.5,98501.38,48.65,881,50243,248400,30.4,40.84,49.69,5.32,0.17,2.69,0.01,1.05,0.22,23854.6,486.12,0.49,24.22,0,0,0
1304000,2006,Atlanta,Georgia,515843,17.5,99231.83,48.65,881,50243,248400,30.4,40.84,49.69,5.32,0.17,2.69,0.01,1.05,0.22,24064.58,2954.86,2.98,24.25,0,0,0
1304000,2007,Atlanta,Georgia,515843,17.5,100031.6,48.65,881,50243,248400,30.4,40.84,49.69,5.32,0.17,2.69,0.01,1.05,0.22,22047.31,3469.1,3.47,22.04,1,0,0
1304000,2008,Atlanta,Georgia,515843,17.5,100827.5,48.65,881,50243,248400,30.4,40.84,49.69,5.32,0.17,2.69,0.01,1.05,0.22,23191.83,5100.2,5.06,23,0,0,0
1304000,2009,Atlanta,Georgia,515843,17.5,101619.8,48.65,881,50243,248400,30.4,40.84,49.69,5.32,0.17,2.69,0.01,1.05,0.22,19812.84,6750.96,6.64,19.5,1,0,0
1304000,2010,Atlanta,Georgia,420003,19.94,102406,55.09,931,46146,219900,32,36.28,53.41,5.19,0.18,3.12,0.03,1.62,0.18,22751.08,8316.53,8.12,22.22,1,0,0
1304000,2011,Atlanta,Georgia,448901,19.3,105544.2,56.42,975,47527,209200,31.2,36.83,52.42,5.01,0.14,3.89,0.03,1.55,0.13,23796.66,9030.36,8.56,22.55,0,0,0
1304000,2012,Atlanta,Georgia,448901,19.3,108625,56.42,975,47527,209200,31.2,36.83,52.42,5.01,0.14,3.89,0.03,1.55,0.13,20743.97,7578.8,6.98,19.1,1,0,0
1304000,2013,Atlanta,Georgia,448901,19.3,111808,56.42,975,47527,209200,31.2,36.83,52.42,5.01,0.14,3.89,0.03,1.55,0.13,13974.01,2193.55,1.96,12.5,1,0,0
1304000,2014,Atlanta,Georgia,448901,19.3,114845.3,56.42,975,47527,209200,31.2,36.83,52.42,5.01,0.14,3.89,0.03,1.55,0.13,23602.64,2667.77,2.32,20.55,0,0,0
1304000,2015,Atlanta,Georgia,448901,19.3,117979.1,56.42,975,47527,209200,31.2,36.83,52.42,5.01,0.14,3.89,0.03,1.55,0.13,22224.82,5828.36,4.94,18.84,0,0,0
1304000,2016,Atlanta,Georgia,448901,19.3,121064.3,56.42,975,47527,209200,31.2,36.83,52.42,5.01,0.14,3.89,0.03,1.55,0.13,21331.17,6200.69,5.12,17.62,0,0,0
1310944,2011,Brookhaven,Georgia,50812,10.95,,50.43,1120,69277,368300,28.6,57.23,9.63,24.8,0.6,5.6,0,1.67,0.46,,,,,0,0,0
1310944,2012,Brookhaven,Georgia,50812,10.95,,50.43,1120,69277,368300,28.6,57.23,9.63,24.8,0.6,5.6,0,1.67,0.46,,,,,0,0,0
1310944,2013,Brookhaven,Georgia,50812,10.95,,50.43,1120,69277,368300,28.6,57.23,9.63,24.8,0.6,5.6,0,1.67,0.46,,,,,0,0,0
1310944,2014,Brookhaven,Georgia,50812,10.95,,50.43,1120,69277,368300,28.6,57.23,9.63,24.8,0.6,5.6,0,1.67,0.46,,,,,0,0,0
1310944,2015,Brookhaven,Georgia,50812,10.95,,50.43,1120,69277,368300,28.6,57.23,9.63,24.8,0.6,5.6,0,1.67,0.46,,,,,0,0,0
1310944,2016,Brookhaven,Georgia,50812,10.95,,50.43,1120,69277,368300,28.6,57.23,9.63,24.8,0.6,5.6,0,1.67,0.46,,,,,0,0,0
1315172,2000,Chamblee,Georgia,9552,22.89,1916.05,65.39,731,45992,184900,23.6,23.92,3.18,56.37,0.03,13.91,0.26,1.81,0.51,90.18,19.11,1,4.71,0,0,0
1315172,2001,Chamblee,Georgia,9552,22.89,1951.93,65.39,731,45992,184900,23.6,23.92,3.18,56.37,0.03,13.91,0.26,1.81,0.51,97.88,40.3,2.06,5.01,0,0,0
1315172,2002,Chamblee,Georgia,9552,22.89,1988.12,65.39,731,45992,184900,23.6,23.92,3.18,56.37,0.03,13.91,0.26,1.81,0.51,574.44,203.13,10.22,28.89,0,0,0
1315172,2003,Chamblee,Georgia,9552,22.89,2023.82,65.39,731,45992,184900,23.6,23.92,3.18,56.37,0.03,13.91,0.26,1.81,0.51,336.65,90.74,4.48,16.63,0,0,0
1315172,2004,Chamblee,Georgia,9552,22.89,2059.75,65.39,731,45992,184900,23.6,23.92,3.18,56.37,0.03,13.91,0.26,1.81,0.51,150.91,40.24,1.95,7.33,0,0,0
1315172,2005,Chamblee,Georgia,10910,14.98,2097.74,61.89,909,46460,242200,31.8,23.53,5.91,64.79,0.17,5.59,0,0,0,144.87,52.21,2.49,6.91,0,0,0
1315172,2006,Chamblee,Georgia,10910,14.98,2132.13,61.89,909,46460,242200,31.8,23.53,5.91,64.79,0.17,5.59,0,0,0,154.36,29.62,1.39,7.24,0,0,0
1315172,2007,Chamblee,Georgia,10910,14.98,2169.03,61.89,909,46460,242200,31.8,23.53,5.91,64.79,0.17,5.59,0,0,0,177.68,44.61,2.06,8.19,0,0,0
1315172,2008,Chamblee,Georgia,10910,14.98,2203.76,61.89,909,46460,242200,31.8,23.53,5.91,64.79,0.17,5.59,0,0,0,157.84,47.96,2.18,7.16,0,0,0
1315172,2009,Chamblee,Georgia,10910,14.98,2240.92,61.89,909,46460,242200,31.8,23.53,5.91,64.79,0.17,5.59,0,0,0,205.27,51.74,2.31,9.16,0,0,0
1315172,2010,Chamblee,Georgia,9892,17.81,2275.84,66.72,1003,49505,248000,30.5,26.15,6.24,58.45,0.15,7.9,0.03,0.88,0.2,162.51,61.76,2.71,7.14,0,0,0
1315172,2011,Chamblee,Georgia,27654,23.2,2331.68,63.3,998,47379,210700,29.2,35.8,13.69,39.35,1.48,7.53,0.12,2.01,0.02,182.13,45.73,1.96,7.81,0,0,0
1315172,2012,Chamblee,Georgia,27654,23.2,2386.63,63.3,998,47379,210700,29.2,35.8,13.69,39.35,1.48,7.53,0.12,2.01,0.02,162.63,44.21,1.85,6.81,0,0,0
1315172,2013,Chamblee,Georgia,27654,23.2,2443.78,63.3,998,47379,210700,29.2,35.8,13.69,39.35,1.48,7.53,0.12,2.01,0.02,129.84,23.66,0.97,5.31,0,0,0
1315172,2014,Chamblee,Georgia,27654,23.2,2496.31,63.3,998,47379,210700,29.2,35.8,13.69,39.35,1.48,7.53,0.12,2.01,0.02,138.14,31.54,1.26,5.53,0,0,0
1315172,2015,Chamblee,Georgia,27654,23.2,2552.79,63.3,998,47379,210700,29.2,35.8,13.69,39.35,1.48,7.53,0.12,2.01,0.02,146.52,35.34,1.38,5.74,0,0,0
1315172,2016,Chamblee,Georgia,27654,23.2,2607.11,63.3,998,47379,210700,29.2,35.8,13.69,39.35,1.48,7.53,0.12,2.01,0.02,118,33.01,1.27,4.53,0,0,0
1323900,2000,Douglasville,Georgia,20065,12.23,2849.95,43,713,45289,119800,26.6,61.92,30.17,3.99,0.28,1.72,0.01,1.76,0.13,591.13,378.1,13.27,20.74,0,0,0
1323900,2001,Douglasville,Georgia,20065,12.23,3095.03,43,713,45289,119800,26.6,61.92,30.17,3.99,0.28,1.72,0.01,1.76,0.13,877.83,546.88,17.67,28.36,0,0,0
1323900,2002,Douglasville,Georgia,20065,12.23,,43,713,45289,119800,26.6,61.92,30.17,3.99,0.28,1.72,0.01,1.76,0.13,,,,,0,0,0
1323900,2003,Douglasville,Georgia,20065,12.23,,43,713,45289,119800,26.6,61.92,30.17,3.99,0.28,1.72,0.01,1.76,0.13,,,,,0,0,0
1323900,2004,Douglasville,Georgia,20065,12.23,,43,713,45289,119800,26.6,61.92,30.17,3.99,0.28,1.72,0.01,1.76,0.13,,,,,0,0,0
1323900,2005,Douglasville,Georgia,29356,13.76,4070.18,47.04,834,45778,158200,33,43.66,49.02,4.09,0.06,1.4,0,1.45,0.32,1079.94,790.83,19.43,26.53,0,0,0
1323900,2006,Douglasville,Georgia,29356,13.76,4313.02,47.04,834,45778,158200,33,43.66,49.02,4.09,0.06,1.4,0,1.45,0.32,949.3,353.93,8.21,22.01,0,0,0
1323900,2007,Douglasville,Georgia,29356,13.76,4557.53,47.04,834,45778,158200,33,43.66,49.02,4.09,0.06,1.4,0,1.45,0.32,1444.92,1038.37,22.78,31.7,1,0,0
1323900,2008,Douglasville,Georgia,29356,13.76,,47.04,834,45778,158200,33,43.66,49.02,4.09,0.06,1.4,0,1.45,0.32,,,,,0,0,0
1323900,2009,Douglasville,Georgia,29356,13.76,,47.04,834,45778,158200,33,43.66,49.02,4.09,0.06,1.4,0,1.45,0.32,,,,,0,0,0
1323900,2010,Douglasville,Georgia,30961,16.39,,51.79,898,48378,159400,29.7,33.37,55.01,7.24,0.21,1.79,0.05,2.09,0.24,,,,,0,0,0
1323900,2011,Douglasville,Georgia,31917,17.33,,56.94,929,47707,134000,29.6,30.53,59.49,5.84,0,2.41,0,1.63,0.11,,,,,0,0,0
1323900,2012,Douglasville,Georgia,31917,17.33,,56.94,929,47707,134000,29.6,30.53,59.49,5.84,0,2.41,0,1.63,0.11,,,,,0,0,0
1323900,2013,Douglasville,Georgia,31917,17.33,,56.94,929,47707,134000,29.6,30.53,59.49,5.84,0,2.41,0,1.63,0.11,,,,,0,0,0
1323900,2014,Douglasville,Georgia,31917,17.33,5810.15,56.94,929,47707,134000,29.6,30.53,59.49,5.84,0,2.41,0,1.63,0.11,1070.47,614.99,10.58,18.42,1,0,0
1323900,2015,Douglasville,Georgia,31917,17.33,5941.89,56.94,929,47707,134000,29.6,30.53,59.49,5.84,0,2.41,0,1.63,0.11,702.27,435.04,7.32,11.82,1,0,0
1323900,2016,Douglasville,Georgia,31917,17.33,6071.47,56.94,929,47707,134000,29.6,30.53,59.49,5.84,0,2.41,0,1.63,0.11,729.86,439.27,7.24,12.02,1,0,0
1324600,2000,Duluth,Georgia,22122,4.4,3695.44,41.37,877,60088,152400,24.1,64.2,11.65,9.05,0.22,12.85,0.04,1.77,0.22,367.24,187.27,5.07,9.94,0,0,0
1324600,2001,Duluth,Georgia,22122,4.4,3755.24,41.37,877,60088,152400,24.1,64.2,11.65,9.05,0.22,12.85,0.04,1.77,0.22,492.26,228.72,6.09,13.11,0,0,0
1324600,2002,Duluth,Georgia,22122,4.4,3812.05,41.37,877,60088,152400,24.1,64.2,11.65,9.05,0.22,12.85,0.04,1.77,0.22,385.16,166.34,4.36,10.1,0,0,0
1324600,2003,Duluth,Georgia,22122,4.4,3874.32,41.37,877,60088,152400,24.1,64.2,11.65,9.05,0.22,12.85,0.04,1.77,0.22,587.82,265.12,6.84,15.17,0,0,0
1324600,2004,Duluth,Georgia,22122,4.4,3933.08,41.37,877,60088,152400,24.1,64.2,11.65,9.05,0.22,12.85,0.04,1.77,0.22,620.34,224.34,5.7,15.77,0,0,0
1324600,2005,Duluth,Georgia,25671,5.26,3995.39,42.35,983,61920,205100,26.4,49.35,14.83,12.71,0.31,20.15,0.73,0.83,1.09,527.5,224.88,5.63,13.2,0,0,0
1324600,2006,Duluth,Georgia,25671,5.26,4052.09,42.35,983,61920,205100,26.4,49.35,14.83,12.71,0.31,20.15,0.73,0.83,1.09,587.57,164.65,4.06,14.5,0,0,0
1324600,2007,Duluth,Georgia,25671,5.26,4111.92,42.35,983,61920,205100,26.4,49.35,14.83,12.71,0.31,20.15,0.73,0.83,1.09,635.46,178.63,4.34,15.45,1,0,0
1324600,2008,Duluth,Georgia,25671,5.26,4173.7,42.35,983,61920,205100,26.4,49.35,14.83,12.71,0.31,20.15,0.73,0.83,1.09,867.95,258.78,6.2,20.8,0,0,0
1324600,2009,Duluth,Georgia,25671,5.26,4232.45,42.35,983,61920,205100,26.4,49.35,14.83,12.71,0.31,20.15,0.73,0.83,1.09,1114.92,267.67,6.32,26.34,0,0,0
1324600,2010,Duluth,Georgia,26600,12.63,4291.2,42.96,978,59107,181200,28.2,41.46,19.53,14.03,0.21,22.2,0.06,2.27,0.24,1031.64,351.59,8.19,24.04,0,0,0
1324600,2011,Duluth,Georgia,28294,13.72,4421.88,48.78,1037,55660,179600,29.1,42.32,22.08,9.79,0.09,23.66,0,2.06,0,853.05,324.22,7.33,19.29,1,0,0
1324600,2012,Duluth,Georgia,28294,13.72,4548.48,48.78,1037,55660,179600,29.1,42.32,22.08,9.79,0.09,23.66,0,2.06,0,1198.59,352.97,7.76,26.35,0,0,0
1324600,2013,Duluth,Georgia,28294,13.72,4681.16,48.78,1037,55660,179600,29.1,42.32,22.08,9.79,0.09,23.66,0,2.06,0,1072.52,331.84,7.09,22.91,0,0,0
1324600,2014,Duluth,Georgia,28294,13.72,4804.08,48.78,1037,55660,179600,29.1,42.32,22.08,9.79,0.09,23.66,0,2.06,0,1038.08,274.98,5.72,21.61,0,0,0
1324600,2015,Duluth,Georgia,28294,13.72,4935.77,48.78,1037,55660,179600,29.1,42.32,22.08,9.79,0.09,23.66,0,2.06,0,1197.4,347.63,7.04,24.26,0,0,0
1324600,2016,Duluth,Georgia,28294,13.72,5061.36,48.78,1037,55660,179600,29.1,42.32,22.08,9.79,0.09,23.66,0,2.06,0,1224.54,210.16,4.15,24.19,0,0,0
1324768,2000,Dunwoody,Georgia,32808,3.64,6078.63,32.98,998,82838,277400,22.9,81.79,4.34,4.61,0.09,7.73,0.01,1.07,0.36,715.02,251.6,4.14,11.76,0,0,0
1324768,2001,Dunwoody,Georgia,32808,3.64,6399.55,32.98,998,82838,277400,22.9,81.79,4.34,4.61,0.09,7.73,0.01,1.07,0.36,744.83,190.17,2.97,11.64,0,0,0
1324768,2002,Dunwoody,Georgia,32808,3.64,6718.93,32.98,998,82838,277400,22.9,81.79,4.34,4.61,0.09,7.73,0.01,1.07,0.36,1932.54,470.89,7.01,28.76,0,0,0
1324768,2003,Dunwoody,Georgia,32808,3.64,7037.85,32.98,998,82838,277400,22.9,81.79,4.34,4.61,0.09,7.73,0.01,1.07,0.36,1693.19,427.23,6.07,24.06,0,0,0
1324768,2004,Dunwoody,Georgia,32808,3.64,7357.76,32.98,998,82838,277400,22.9,81.79,4.34,4.61,0.09,7.73,0.01,1.07,0.36,1387.88,341.33,4.64,18.86,0,0,0
1324768,2005,Dunwoody,Georgia,38597,2.51,7678.68,34.13,1123,87227,394100,25.5,77.38,7.17,4.56,0.25,9.19,0,1.27,0.17,1304.19,337.48,4.39,16.98,0,0,0
1324768,2006,Dunwoody,Georgia,38597,2.51,7998.59,34.13,1123,87227,394100,25.5,77.38,7.17,4.56,0.25,9.19,0,1.27,0.17,1305.76,328.27,4.1,16.32,0,0,0
1324768,2007,Dunwoody,Georgia,38597,2.51,8313.51,34.13,1123,87227,394100,25.5,77.38,7.17,4.56,0.25,9.19,0,1.27,0.17,1190.8,293.59,3.53,14.32,0,0,0
1324768,2008,Dunwoody,Georgia,38597,2.51,8633.89,34.13,1123,87227,394100,25.5,77.38,7.17,4.56,0.25,9.19,0,1.27,0.17,1105.64,282.4,3.27,12.81,0,0,0
1324768,2009,Dunwoody,Georgia,38597,2.51,8953.81,34.13,1123,87227,394100,25.5,77.38,7.17,4.56,0.25,9.19,0,1.27,0.17,1630.23,436.13,4.87,18.21,0,0,0
1324768,2010,Dunwoody,Georgia,46267,7.43,9274.72,47.19,1146,78934,367800,26.6,64.12,12.31,10.28,0.21,11.11,0.03,1.69,0.24,1406.04,324.29,3.5,15.16,0,0,0
1324768,2011,Dunwoody,Georgia,47727,7.1,9506.51,46.47,1207,79959,367800,27.3,63.18,10.55,9.71,0.13,14.23,0.05,1.97,0.18,1752.19,400.61,4.21,18.43,0,0,0
1324768,2012,Dunwoody,Georgia,47727,7.1,9733.84,46.47,1207,79959,367800,27.3,63.18,10.55,9.71,0.13,14.23,0.05,1.97,0.18,1787.69,417.63,4.29,18.37,0,0,0
1324768,2013,Dunwoody,Georgia,47727,7.1,9967.63,46.47,1207,79959,367800,27.3,63.18,10.55,9.71,0.13,14.23,0.05,1.97,0.18,1602.91,318.01,3.19,16.08,0,0,0
1324768,2014,Dunwoody,Georgia,47727,7.1,10191.43,46.47,1207,79959,367800,27.3,63.18,10.55,9.71,0.13,14.23,0.05,1.97,0.18,1418.09,272.14,2.67,13.91,0,0,0
1324768,2015,Dunwoody,Georgia,47727,7.1,10422.75,46.47,1207,79959,367800,27.3,63.18,10.55,9.71,0.13,14.23,0.05,1.97,0.18,1338.1,277.56,2.66,12.84,0,0,0
1324768,2016,Dunwoody,Georgia,47727,7.1,10650.55,46.47,1207,79959,367800,27.3,63.18,10.55,9.71,0.13,14.23,0.05,1.97,0.18,1366.51,280.52,2.63,12.83,0,0,0
1325720,2000,East Point,Georgia,39595,20.74,,54.63,595,31874,86500,28.7,12.97,77.61,7.57,0.15,0.61,0.03,0.96,0.1,,,,,0,0,0
1325720,2001,East Point,Georgia,39595,20.74,8037.92,54.63,595,31874,86500,28.7,12.97,77.61,7.57,0.15,0.61,0.03,0.96,0.1,4293.14,25.61,0.32,53.41,0,0,0
1325720,2002,East Point,Georgia,39595,20.74,7915.12,54.63,595,31874,86500,28.7,12.97,77.61,7.57,0.15,0.61,0.03,0.96,0.1,3667.78,38.08,0.48,46.34,0,0,0
1325720,2003,East Point,Georgia,39595,20.74,7793.76,54.63,595,31874,86500,28.7,12.97,77.61,7.57,0.15,0.61,0.03,0.96,0.1,2836.71,1.38,0.02,36.4,0,0,0
1325720,2004,East Point,Georgia,39595,20.74,7672.92,54.63,595,31874,86500,28.7,12.97,77.61,7.57,0.15,0.61,0.03,0.96,0.1,2667.59,6.26,0.08,34.77,0,0,0
1325720,2005,East Point,Georgia,43084,16.34,7553.96,50.27,835,40637,154400,33.2,16.26,63.88,18.13,0,0.76,0,0.81,0.16,2734.92,24.38,0.32,36.21,0,0,0
1325720,2006,East Point,Georgia,43084,16.34,7427.35,50.27,835,40637,154400,33.2,16.26,63.88,18.13,0,0.76,0,0.81,0.16,2879.96,316.81,4.27,38.78,0,0,0
1325720,2007,East Point,Georgia,43084,16.34,7307.13,50.27,835,40637,154400,33.2,16.26,63.88,18.13,0,0.76,0,0.81,0.16,2955.05,473.13,6.47,40.44,1,0,0
1325720,2008,East Point,Georgia,43084,16.34,7183.15,50.27,835,40637,154400,33.2,16.26,63.88,18.13,0,0.76,0,0.81,0.16,2804.85,633.2,8.82,39.05,0,0,0
1325720,2009,East Point,Georgia,43084,16.34,7062.96,50.27,835,40637,154400,33.2,16.26,63.88,18.13,0,0.76,0,0.81,0.16,2423.38,890.91,12.61,34.31,1,0,0
1325720,2010,East Point,Georgia,33712,19.69,6940.35,51.8,855,39023,121500,36.4,11.8,73.93,11.54,0.28,0.79,0.03,1.52,0.11,2394.54,1009.67,14.55,34.5,1,0,0
1325720,2011,East Point,Georgia,35357,23.66,7091,57.7,909,37049,88400,36.1,11.17,75.85,11.09,0.06,0.9,0,0.84,0.09,2484.8,1049.57,14.8,35.04,0,0,0
1325720,2012,East Point,Georgia,35357,23.66,7239.04,57.7,909,37049,88400,36.1,11.17,75.85,11.09,0.06,0.9,0,0.84,0.09,2382.96,937.26,12.95,32.92,1,0,0
1325720,2013,East Point,Georgia,35357,23.66,7396.05,57.7,909,37049,88400,36.1,11.17,75.85,11.09,0.06,0.9,0,0.84,0.09,1739.31,307.26,4.15,23.52,1,0,0
1325720,2014,East Point,Georgia,35357,23.66,7537.02,57.7,909,37049,88400,36.1,11.17,75.85,11.09,0.06,0.9,0,0.84,0.09,3067.56,380.97,5.05,40.7,0,0,0
1325720,2015,East Point,Georgia,35357,23.66,7687.7,57.7,909,37049,88400,36.1,11.17,75.85,11.09,0.06,0.9,0,0.84,0.09,3081.81,961.4,12.51,40.09,0,0,0
1325720,2016,East Point,Georgia,35357,23.66,7835.7,57.7,909,37049,88400,36.1,11.17,75.85,11.09,0.06,0.9,0,0.84,0.09,2920.53,885.63,11.3,37.27,0,0,0
1331908,2000,Gainesville,Georgia,25578,21.79,5132.29,56.26,606,36605,133700,25.7,47.77,15.45,33.17,0.18,2.61,0.01,0.75,0.06,396.43,275.3,5.36,7.72,0,0,0
1331908,2001,Gainesville,Georgia,25578,21.79,5257.56,56.26,606,36605,133700,25.7,47.77,15.45,33.17,0.18,2.61,0.01,0.75,0.06,229.19,171.67,3.27,4.36,0,0,0
1331908,2002,Gainesville,Georgia,25578,21.79,5380.34,56.26,606,36605,133700,25.7,47.77,15.45,33.17,0.18,2.61,0.01,0.75,0.06,391.11,286.77,5.33,7.27,0,0,0
1331908,2003,Gainesville,Georgia,25578,21.79,5507.27,56.26,606,36605,133700,25.7,47.77,15.45,33.17,0.18,2.61,0.01,0.75,0.06,765.37,489.69,8.89,13.9,0,0,0
1331908,2004,Gainesville,Georgia,25578,21.79,5631.81,56.26,606,36605,133700,25.7,47.77,15.45,33.17,0.18,2.61,0.01,0.75,0.06,528,373.5,6.63,9.38,0,0,0
1331908,2005,Gainesville,Georgia,34048,18.15,5757.74,60.7,781,39835,182600,28.5,39,9.77,47.64,0.19,2.7,0,0.57,0.13,559.65,456.75,7.93,9.72,0,0,0
1331908,2006,Gainesville,Georgia,34048,18.15,5878.87,60.7,781,39835,182600,28.5,39,9.77,47.64,0.19,2.7,0,0.57,0.13,328.69,304.03,5.17,5.59,0,0,0
1331908,2007,Gainesville,Georgia,34048,18.15,,60.7,781,39835,182600,28.5,39,9.77,47.64,0.19,2.7,0,0.57,0.13,,,,,0,0,0
1331908,2008,Gainesville,Georgia,34048,18.15,,60.7,781,39835,182600,28.5,39,9.77,47.64,0.19,2.7,0,0.57,0.13,,,,,0,0,0
1331908,2009,Gainesville,Georgia,34048,18.15,,60.7,781,39835,182600,28.5,39,9.77,47.64,0.19,2.7,0,0.57,0.13,,,,,0,0,0
1331908,2010,Gainesville,Georgia,33804,25.53,,62.03,818,40159,169700,30.5,39.02,14.61,41.59,0.14,3.17,0.04,1.3,0.13,,,,,0,0,0
1331908,2011,Gainesville,Georgia,37115,25.09,,62.36,803,40706,139200,30.3,37.66,15.74,41.32,0.2,3.71,0,1.35,0.02,,,,,0,0,0
1331908,2012,Gainesville,Georgia,37115,25.09,,62.36,803,40706,139200,30.3,37.66,15.74,41.32,0.2,3.71,0,1.35,0.02,,,,,0,0,0
1331908,2013,Gainesville,Georgia,37115,25.09,,62.36,803,40706,139200,30.3,37.66,15.74,41.32,0.2,3.71,0,1.35,0.02,,,,,0,0,0
1331908,2014,Gainesville,Georgia,37115,25.09,,62.36,803,40706,139200,30.3,37.66,15.74,41.32,0.2,3.71,0,1.35,0.02,,,,,0,0,0
1331908,2015,Gainesville,Georgia,37115,25.09,,62.36,803,40706,139200,30.3,37.66,15.74,41.32,0.2,3.71,0,1.35,0.02,,,,,0,0,0
1331908,2016,Gainesville,Georgia,37115,25.09,,62.36,803,40706,139200,30.3,37.66,15.74,41.32,0.2,3.71,0,1.35,0.02,,,,,0,0,0
1342425,2000,Johns Creek,Georgia,,,,,,,,,,,,,,,,,,,,,0,0,0
1342425,2001,Johns Creek,Georgia,,,2673.8,,,,,,,,,,,,,,343.43,3,0.11,12.84,0,0,0
1342425,2002,Johns Creek,Georgia,,,2955.31,,,,,,,,,,,,,,352.05,4.5,0.15,11.91,0,0,0
1342425,2003,Johns Creek,Georgia,,,3244.88,,,,,,,,,,,,,,444.04,2,0.06,13.68,0,0,0
1342425,2004,Johns Creek,Georgia,,,3529,,,,,,,,,,,,,,413.37,2,0.06,11.71,0,0,0
1342425,2005,Johns Creek,Georgia,60628,3.03,3818.96,14.9,1171,106545,342200,24.5,66.19,6.93,6.11,0.12,19.27,0,0.98,0.4,491.92,1.6,0.04,12.88,0,0,0
1342425,2006,Johns Creek,Georgia,60628,3.03,4098.99,14.9,1171,106545,342200,24.5,66.19,6.93,6.11,0.12,19.27,0,0.98,0.4,509.18,34.83,0.85,12.42,0,0,0
1342425,2007,Johns Creek,Georgia,60628,3.03,4383.11,14.9,1171,106545,342200,24.5,66.19,6.93,6.11,0.12,19.27,0,0.98,0.4,513.75,60.4,1.38,11.72,1,0,0
1342425,2008,Johns Creek,Georgia,60628,3.03,4671.68,14.9,1171,106545,342200,24.5,66.19,6.93,6.11,0.12,19.27,0,0.98,0.4,495.67,104.04,2.23,10.61,0,0,0
1342425,2009,Johns Creek,Georgia,60628,3.03,4956.57,14.9,1171,106545,342200,24.5,66.19,6.93,6.11,0.12,19.27,0,0.98,0.4,439.1,131.83,2.66,8.86,1,0,0
1342425,2010,Johns Creek,Georgia,76728,4.14,5242.15,20.38,1224,109553,336000,25.8,59.92,9.03,5.21,0.09,23.32,0.03,2.12,0.29,596.54,187.7,3.58,11.38,1,0,0
1342425,2011,Johns Creek,Georgia,82203,4.29,5485.33,21.65,1332,105417,333300,25.8,56,10.49,5.86,0.22,24.67,0,2.53,0.23,578.97,209.69,3.82,10.55,0,0,0
1342425,2012,Johns Creek,Georgia,82203,4.29,5719.87,21.65,1332,105417,333300,25.8,56,10.49,5.86,0.22,24.67,0,2.53,0.23,432.4,137.76,2.41,7.56,1,0,0
1342425,2013,Johns Creek,Georgia,82203,4.29,5966.89,21.65,1332,105417,333300,25.8,56,10.49,5.86,0.22,24.67,0,2.53,0.23,329.43,34.94,0.59,5.52,1,0,0
1342425,2014,Johns Creek,Georgia,82203,4.29,6193.1,21.65,1332,105417,333300,25.8,56,10.49,5.86,0.22,24.67,0,2.53,0.23,555.59,38.19,0.62,8.97,0,0,0
1342425,2015,Johns Creek,Georgia,82203,4.29,6439.12,21.65,1332,105417,333300,25.8,56,10.49,5.86,0.22,24.67,0,2.53,0.23,433.24,84.29,1.31,6.73,0,0,0
1342425,2016,Johns Creek,Georgia,82203,4.29,6670.82,21.65,1332,105417,333300,25.8,56,10.49,5.86,0.22,24.67,0,2.53,0.23,447.57,93.47,1.4,6.71,0,0,0
1343192,2000,Kennesaw,Georgia,21675,4.51,,19.36,908,60404,134600,24,79.02,9.79,6.2,0.2,2.89,0.02,1.69,0.18,,,,,0,0,0
1343192,2001,Kennesaw,Georgia,21675,4.51,1716.61,19.36,908,60404,134600,24,79.02,9.79,6.2,0.2,2.89,0.02,1.69,0.18,186.99,125.65,7.32,10.89,0,0,0
1343192,2002,Kennesaw,Georgia,21675,4.51,1922.68,19.36,908,60404,134600,24,79.02,9.79,6.2,0.2,2.89,0.02,1.69,0.18,242.17,150.06,7.8,12.6,0,0,0
1343192,2003,Kennesaw,Georgia,21675,4.51,2132.04,19.36,908,60404,134600,24,79.02,9.79,6.2,0.2,2.89,0.02,1.69,0.18,276.11,172.4,8.09,12.95,0,0,0
1343192,2004,Kennesaw,Georgia,21675,4.51,2338.26,19.36,908,60404,134600,24,79.02,9.79,6.2,0.2,2.89,0.02,1.69,0.18,263.21,163.04,6.97,11.26,0,0,0
1343192,2005,Kennesaw,Georgia,31733,6.19,2548.27,27.88,1059,62149,176800,29.7,60.79,20.13,9.91,0.56,6.25,0,2,0.36,328.72,195.52,7.67,12.9,0,0,0
1343192,2006,Kennesaw,Georgia,31733,6.19,2755.57,27.88,1059,62149,176800,29.7,60.79,20.13,9.91,0.56,6.25,0,2,0.36,380.59,204.12,7.41,13.81,0,0,0
1343192,2007,Kennesaw,Georgia,31733,6.19,2961.2,27.88,1059,62149,176800,29.7,60.79,20.13,9.91,0.56,6.25,0,2,0.36,435.52,250.66,8.46,14.71,0,0,0
1343192,2008,Kennesaw,Georgia,31733,6.19,3170.34,27.88,1059,62149,176800,29.7,60.79,20.13,9.91,0.56,6.25,0,2,0.36,492,239.92,7.57,15.52,0,0,0
1343192,2009,Kennesaw,Georgia,31733,6.19,3376.63,27.88,1059,62149,176800,29.7,60.79,20.13,9.91,0.56,6.25,0,2,0.36,495.83,207.13,6.13,14.68,0,0,0
1343192,2010,Kennesaw,Georgia,29783,7.64,3585.4,35.58,1071,62111,168800,29.1,58.91,21.86,10.85,0.25,5.2,0.05,2.28,0.61,567.11,271.82,7.58,15.82,0,0,0
1343192,2011,Kennesaw,Georgia,32186,6.16,3736.9,39.55,1122,61817,151800,29.5,55.12,24.37,12.24,0,4.54,0,3.15,0.57,565.51,274.61,7.35,15.13,1,0,0
1343192,2012,Kennesaw,Georgia,32186,6.16,3889.23,39.55,1122,61817,151800,29.5,55.12,24.37,12.24,0,4.54,0,3.15,0.57,500.76,206.76,5.32,12.88,1,0,0
1343192,2013,Kennesaw,Georgia,32186,6.16,4041.61,39.55,1122,61817,151800,29.5,55.12,24.37,12.24,0,4.54,0,3.15,0.57,565.08,178.79,4.42,13.98,1,0,0
1343192,2014,Kennesaw,Georgia,32186,6.16,4191.27,39.55,1122,61817,151800,29.5,55.12,24.37,12.24,0,4.54,0,3.15,0.57,493.39,185.81,4.43,11.77,1,0,0
1343192,2015,Kennesaw,Georgia,32186,6.16,4343.59,39.55,1122,61817,151800,29.5,55.12,24.37,12.24,0,4.54,0,3.15,0.57,598.07,144.13,3.32,13.77,1,0,0
1343192,2016,Kennesaw,Georgia,32186,6.16,4495.1,39.55,1122,61817,151800,29.5,55.12,24.37,12.24,0,4.54,0,3.15,0.57,723.76,156.56,3.48,16.1,0,0,0
1345488,2000,Lawrenceville,Georgia,22397,11.53,3373.5,41.18,702,43299,117600,27.6,69.26,13.34,12.14,0.18,3.16,0.05,1.6,0.26,457.27,213.33,6.32,13.55,0,0,0
1345488,2001,Lawrenceville,Georgia,22397,11.53,3479.94,41.18,702,43299,117600,27.6,69.26,13.34,12.14,0.18,3.16,0.05,1.6,0.26,509.87,275.15,7.91,14.65,0,0,0
1345488,2002,Lawrenceville,Georgia,22397,11.53,3590.94,41.18,702,43299,117600,27.6,69.26,13.34,12.14,0.18,3.16,0.05,1.6,0.26,363.23,217.29,6.05,10.12,0,0,0
1345488,2003,Lawrenceville,Georgia,22397,11.53,3700.59,41.18,702,43299,117600,27.6,69.26,13.34,12.14,0.18,3.16,0.05,1.6,0.26,919.95,429.26,11.6,24.86,0,0,0
1345488,2004,Lawrenceville,Georgia,22397,11.53,3806.91,41.18,702,43299,117600,27.6,69.26,13.34,12.14,0.18,3.16,0.05,1.6,0.26,1261.77,413.49,10.86,33.14,0,0,0
1345488,2005,Lawrenceville,Georgia,28873,13.84,3920.14,41.28,845,48685,155700,31.9,48.74,22.17,23.86,0.05,4.13,0,1.01,0.04,921.14,431.99,11.02,23.5,0,0,0
1345488,2006,Lawrenceville,Georgia,28873,13.84,4028.12,41.28,845,48685,155700,31.9,48.74,22.17,23.86,0.05,4.13,0,1.01,0.04,939.51,347.43,8.63,23.32,0,0,0
1345488,2007,Lawrenceville,Georgia,28873,13.84,4134.41,41.28,845,48685,155700,31.9,48.74,22.17,23.86,0.05,4.13,0,1.01,0.04,970.85,432.86,10.47,23.48,1,0,0
1345488,2008,Lawrenceville,Georgia,28873,13.84,4242.56,41.28,845,48685,155700,31.9,48.74,22.17,23.86,0.05,4.13,0,1.01,0.04,1204.69,488.31,11.51,28.4,0,0,0
1345488,2009,Lawrenceville,Georgia,28873,13.84,4353.06,41.28,845,48685,155700,31.9,48.74,22.17,23.86,0.05,4.13,0,1.01,0.04,1194.48,455.77,10.47,27.44,0,0,0
1345488,2010,Lawrenceville,Georgia,28546,20.11,4460.52,47.78,874,42420,140400,38.5,38.29,31.07,22.34,0.22,5.63,0.05,2.05,0.35,1116.74,530.87,11.9,25.04,0,0,0
1345488,2011,Lawrenceville,Georgia,29738,20.23,4615.12,48.4,875,41743,121700,37.4,37.69,34.79,20.69,0.16,3.47,0,2.88,0.32,974.88,486.34,10.54,21.12,1,0,0
1345488,2012,Lawrenceville,Georgia,29738,20.23,4769.54,48.4,875,41743,121700,37.4,37.69,34.79,20.69,0.16,3.47,0,2.88,0.32,1129.17,483.01,10.13,23.67,0,0,0
1345488,2013,Lawrenceville,Georgia,29738,20.23,4925.26,48.4,875,41743,121700,37.4,37.69,34.79,20.69,0.16,3.47,0,2.88,0.32,961.06,401.87,8.16,19.51,0,0,0
1345488,2014,Lawrenceville,Georgia,29738,20.23,5076.08,48.4,875,41743,121700,37.4,37.69,34.79,20.69,0.16,3.47,0,2.88,0.32,925.34,367.85,7.25,18.23,0,0,0
1345488,2015,Lawrenceville,Georgia,29738,20.23,5231.92,48.4,875,41743,121700,37.4,37.69,34.79,20.69,0.16,3.47,0,2.88,0.32,971.49,409.79,7.83,18.57,0,0,0
1345488,2016,Lawrenceville,Georgia,29738,20.23,5385.1,48.4,875,41743,121700,37.4,37.69,34.79,20.69,0.16,3.47,0,2.88,0.32,933.72,217.55,4.04,17.34,0,0,0
1348288,2000,Mableton,Georgia,29733,8.63,,21.75,642,49426,103400,23.4,57.73,29.04,9.8,0.24,1.35,0.01,1.45,0.38,,,,,0,0,0
1348288,2001,Mableton,Georgia,29733,8.63,2456.82,21.75,642,49426,103400,23.4,57.73,29.04,9.8,0.24,1.35,0.01,1.45,0.38,537.41,340.72,13.87,21.87,0,0,0
1348288,2002,Mableton,Georgia,29733,8.63,2555.47,21.75,642,49426,103400,23.4,57.73,29.04,9.8,0.24,1.35,0.01,1.45,0.38,561.19,381.43,14.93,21.96,0,0,0
1348288,2003,Mableton,Georgia,29733,8.63,2660.62,21.75,642,49426,103400,23.4,57.73,29.04,9.8,0.24,1.35,0.01,1.45,0.38,581.92,404.48,15.2,21.87,0,0,0
1348288,2004,Mableton,Georgia,29733,8.63,2757.65,21.75,642,49426,103400,23.4,57.73,29.04,9.8,0.24,1.35,0.01,1.45,0.38,453.42,333.44,12.09,16.44,0,0,0
1348288,2005,Mableton,Georgia,33466,7.1,2860.15,20.74,893,55252,165500,36,45.49,37.33,14.34,0.12,1.55,0,0.93,0.24,334.41,224.1,7.84,11.69,0,0,0
1348288,2006,Mableton,Georgia,33466,7.1,2957.59,20.74,893,55252,165500,36,45.49,37.33,14.34,0.12,1.55,0,0.93,0.24,416.66,250.18,8.46,14.09,0,0,0
1348288,2007,Mableton,Georgia,33466,7.1,3057.53,20.74,893,55252,165500,36,45.49,37.33,14.34,0.12,1.55,0,0.93,0.24,580.78,381.19,12.47,18.99,0,0,0
1348288,2008,Mableton,Georgia,33466,7.1,3159.99,20.74,893,55252,165500,36,45.49,37.33,14.34,0.12,1.55,0,0.93,0.24,671.73,375.31,11.88,21.26,0,0,0
1348288,2009,Mableton,Georgia,33466,7.1,3261.33,20.74,893,55252,165500,36,45.49,37.33,14.34,0.12,1.55,0,0.93,0.24,499.99,285.38,8.75,15.33,0,0,0
1348288,2010,Mableton,Georgia,37115,12.25,3359.67,25.05,936,56208,159500,34.1,37.96,38.86,18.49,0.27,2.18,0.02,1.9,0.3,715.28,448.13,13.34,21.29,0,0,0
1348288,2011,Mableton,Georgia,39589,14.99,3492.96,30.33,974,54919,151800,37.1,36.12,41.87,16.83,0.05,2.1,0,2.66,0.38,771,494.96,14.17,22.07,1,0,0
1348288,2012,Mableton,Georgia,39589,14.99,3624.64,30.33,974,54919,151800,37.1,36.12,41.87,16.83,0.05,2.1,0,2.66,0.38,771.68,436.74,12.05,21.29,1,0,0
1348288,2013,Mableton,Georgia,39589,14.99,3758.55,30.33,974,54919,151800,37.1,36.12,41.87,16.83,0.05,2.1,0,2.66,0.38,718.85,382.68,10.18,19.13,1,0,0
1348288,2014,Mableton,Georgia,39589,14.99,3886.45,30.33,974,54919,151800,37.1,36.12,41.87,16.83,0.05,2.1,0,2.66,0.38,757.14,411.29,10.58,19.48,1,0,0
1348288,2015,Mableton,Georgia,39589,14.99,4023.52,30.33,974,54919,151800,37.1,36.12,41.87,16.83,0.05,2.1,0,2.66,0.38,884.42,306.99,7.63,21.98,1,0,0
1348288,2016,Mableton,Georgia,39589,14.99,4151.42,30.33,974,54919,151800,37.1,36.12,41.87,16.83,0.05,2.1,0,2.66,0.38,943.92,340.47,8.2,22.74,0,0,0
1349756,2000,Marietta,Georgia,58748,15.71,,62.35,767,40645,149400,26.9,48.59,29.09,16.93,0.21,2.93,0.05,1.74,0.46,,,,,0,0,0
1349756,2001,Marietta,Georgia,58748,15.71,13460.1,62.35,767,40645,149400,26.9,48.59,29.09,16.93,0.21,2.93,0.05,1.74,0.46,1711.59,1090.72,8.1,12.72,0,0,0
1349756,2002,Marietta,Georgia,58748,15.71,13385.72,62.35,767,40645,149400,26.9,48.59,29.09,16.93,0.21,2.93,0.05,1.74,0.46,3575.78,2346.36,17.53,26.71,0,0,0
1349756,2003,Marietta,Georgia,58748,15.71,13307.74,62.35,767,40645,149400,26.9,48.59,29.09,16.93,0.21,2.93,0.05,1.74,0.46,2923.5,1856.11,13.95,21.97,0,0,0
1349756,2004,Marietta,Georgia,58748,15.71,13233.94,62.35,767,40645,149400,26.9,48.59,29.09,16.93,0.21,2.93,0.05,1.74,0.46,3590.06,2069.38,15.64,27.13,0,0,0
1349756,2005,Marietta,Georgia,65009,12.34,13166.86,54.51,851,45428,219300,30.5,44.34,28.77,20.99,0.08,2.56,0,1.55,1.72,3395.46,1876.59,14.25,25.79,0,0,0
1349756,2006,Marietta,Georgia,65009,12.34,13094.3,54.51,851,45428,219300,30.5,44.34,28.77,20.99,0.08,2.56,0,1.55,1.72,3131.44,1509.6,11.53,23.91,0,0,0
1349756,2007,Marietta,Georgia,65009,12.34,13021.24,54.51,851,45428,219300,30.5,44.34,28.77,20.99,0.08,2.56,0,1.55,1.72,3136.11,1765.48,13.56,24.08,0,0,0
1349756,2008,Marietta,Georgia,65009,12.34,12941.15,54.51,851,45428,219300,30.5,44.34,28.77,20.99,0.08,2.56,0,1.55,1.72,3672.93,1913.66,14.79,28.38,0,0,0
1349756,2009,Marietta,Georgia,65009,12.34,12870.49,54.51,851,45428,219300,30.5,44.34,28.77,20.99,0.08,2.56,0,1.55,1.72,3329.92,1900.87,14.77,25.87,0,0,0
1349756,2010,Marietta,Georgia,56579,18.01,12796.29,57.73,879,45014,215800,31.7,42.85,30.69,20.56,0.19,2.92,0.08,2,0.71,3407.11,1826.05,14.27,26.63,0,0,0
1349756,2011,Marietta,Georgia,58906,15.38,13181.5,57.91,900,44953,211500,33.3,46.24,32.49,16.68,0.06,2.53,0.05,1.74,0.22,3660.92,1916.74,14.54,27.77,1,0,0
1349756,2012,Marietta,Georgia,58906,15.38,13566.69,57.91,900,44953,211500,33.3,46.24,32.49,16.68,0.06,2.53,0.05,1.74,0.22,3516.8,1659.77,12.23,25.92,1,0,0
1349756,2013,Marietta,Georgia,58906,15.38,13960.75,57.91,900,44953,211500,33.3,46.24,32.49,16.68,0.06,2.53,0.05,1.74,0.22,3124.24,1137.36,8.15,22.38,1,0,0
1349756,2014,Marietta,Georgia,58906,15.38,14336.96,57.91,900,44953,211500,33.3,46.24,32.49,16.68,0.06,2.53,0.05,1.74,0.22,2728.11,1227.04,8.56,19.03,1,0,0
1349756,2015,Marietta,Georgia,58906,15.38,14726.83,57.91,900,44953,211500,33.3,46.24,32.49,16.68,0.06,2.53,0.05,1.74,0.22,2868.52,848.61,5.76,19.48,1,0,0
1349756,2016,Marietta,Georgia,58906,15.38,15107.36,57.91,900,44953,211500,33.3,46.24,32.49,16.68,0.06,2.53,0.05,1.74,0.22,2540.95,875.33,5.79,16.82,0,0,0
1351670,2000,Milton,Georgia,,,,,,,,,,,,,,,,,,,,,0,0,0
1351670,2001,Milton,Georgia,,,1209.07,,,,,,,,,,,,,,112.45,0.01,0,9.3,0,0,0
1351670,2002,Milton,Georgia,,,1351.38,,,,,,,,,,,,,,170.09,1.58,0.12,12.59,0,0,0
1351670,2003,Milton,Georgia,,,1495.18,,,,,,,,,,,,,,246.52,0,0,16.49,0,0,0
1351670,2004,Milton,Georgia,,,1639.18,,,,,,,,,,,,,,220.63,0.54,0.03,13.46,0,0,0
1351670,2005,Milton,Georgia,15572,2.82,1784.01,18.92,1017,117608,466400,22.7,80.03,6.24,4.76,0,7.8,0,0.88,0.29,282.41,1.71,0.1,15.83,0,0,0
1351670,2006,Milton,Georgia,15572,2.82,1925.11,18.92,1017,117608,466400,22.7,80.03,6.24,4.76,0,7.8,0,0.88,0.29,248,27.15,1.41,12.88,0,0,0
1351670,2007,Milton,Georgia,15572,2.82,2068.1,18.92,1017,117608,466400,22.7,80.03,6.24,4.76,0,7.8,0,0.88,0.29,191.39,22.08,1.07,9.25,1,0,0
1351670,2008,Milton,Georgia,15572,2.82,2211.91,18.92,1017,117608,466400,22.7,80.03,6.24,4.76,0,7.8,0,0.88,0.29,237.03,43.8,1.98,10.72,0,0,0
1351670,2009,Milton,Georgia,15572,2.82,2354.22,18.92,1017,117608,466400,22.7,80.03,6.24,4.76,0,7.8,0,0.88,0.29,252.07,65.11,2.77,10.71,1,0,0
1351670,2010,Milton,Georgia,32661,5.36,2498.02,26.1,1152,116890,462700,26,72.42,8.77,6,0.18,10.35,0.03,1.79,0.47,235.5,86.34,3.46,9.43,1,0,0
1351670,2011,Milton,Georgia,35799,3.06,2614.11,30.83,1177,111778,459500,21,68.37,10.86,9.52,0.1,8.89,0,1.89,0.36,303.85,95.03,3.64,11.62,0,0,0
1351670,2012,Milton,Georgia,35799,3.06,2728.16,30.83,1177,111778,459500,21,68.37,10.86,9.52,0.1,8.89,0,1.89,0.36,288.81,73.94,2.71,10.59,1,0,0
1351670,2013,Milton,Georgia,35799,3.06,2849.49,30.83,1177,111778,459500,21,68.37,10.86,9.52,0.1,8.89,0,1.89,0.36,193.12,20.41,0.72,6.78,1,0,0
1351670,2014,Milton,Georgia,35799,3.06,2963.18,30.83,1177,111778,459500,21,68.37,10.86,9.52,0.1,8.89,0,1.89,0.36,244.15,14,0.47,8.24,0,0,0
1351670,2015,Milton,Georgia,35799,3.06,3078.63,30.83,1177,111778,459500,21,68.37,10.86,9.52,0.1,8.89,0,1.89,0.36,243.76,43.96,1.43,7.92,0,0,0
1351670,2016,Milton,Georgia,35799,3.06,3193.33,30.83,1177,111778,459500,21,68.37,10.86,9.52,0.1,8.89,0,1.89,0.36,183.57,34.38,1.08,5.75,0,0,0
1355020,2000,Newnan,Georgia,16242,19.7,3361.56,53.21,622,36142,114200,27.2,51.39,41.81,4.96,0.15,0.73,0.02,0.85,0.1,319.5,58.99,1.75,9.5,0,0,0
1355020,2001,Newnan,Georgia,16242,19.7,3595.36,53.21,622,36142,114200,27.2,51.39,41.81,4.96,0.15,0.73,0.02,0.85,0.1,512.47,129.67,3.61,14.25,0,0,0
1355020,2002,Newnan,Georgia,16242,19.7,3828.55,53.21,622,36142,114200,27.2,51.39,41.81,4.96,0.15,0.73,0.02,0.85,0.1,597.26,156.37,4.08,15.6,0,0,0
1355020,2003,Newnan,Georgia,16242,19.7,4064.78,53.21,622,36142,114200,27.2,51.39,41.81,4.96,0.15,0.73,0.02,0.85,0.1,688.99,149.94,3.69,16.95,0,0,0
1355020,2004,Newnan,Georgia,16242,19.7,4298.03,53.21,622,36142,114200,27.2,51.39,41.81,4.96,0.15,0.73,0.02,0.85,0.1,770.34,232.27,5.4,17.92,0,0,0
1355020,2005,Newnan,Georgia,28388,14.08,4531.77,47.71,874,50531,185400,28.4,58.2,29.9,8.02,0.05,2.39,0.13,1.06,0.25,788.8,305.11,6.73,17.41,0,0,0
1355020,2006,Newnan,Georgia,28388,14.08,4762.7,47.71,874,50531,185400,28.4,58.2,29.9,8.02,0.05,2.39,0.13,1.06,0.25,550.29,102.1,2.14,11.55,0,0,0
1355020,2007,Newnan,Georgia,28388,14.08,,47.71,874,50531,185400,28.4,58.2,29.9,8.02,0.05,2.39,0.13,1.06,0.25,,,,,0,0,0
1355020,2008,Newnan,Georgia,28388,14.08,,47.71,874,50531,185400,28.4,58.2,29.9,8.02,0.05,2.39,0.13,1.06,0.25,,,,,0,0,0
1355020,2009,Newnan,Georgia,28388,14.08,,47.71,874,50531,185400,28.4,58.2,29.9,8.02,0.05,2.39,0.13,1.06,0.25,,,,,0,0,0
1355020,2010,Newnan,Georgia,33039,13.67,5699.17,46.56,935,50563,182000,29.3,54.31,29.74,10.95,0.15,2.57,0.06,2.05,0.18,739.39,498.77,8.75,12.97,1,0,0
1355020,2011,Newnan,Georgia,35224,19.6,5917.86,46.65,919,50052,178700,29.8,52.75,30.58,11.52,0,2.85,0,1.72,0.58,1093.27,483.08,8.16,18.47,0,0,0
1355020,2012,Newnan,Georgia,35224,19.6,6130.11,46.65,919,50052,178700,29.8,52.75,30.58,11.52,0,2.85,0,1.72,0.58,984.55,187.04,3.05,16.06,1,0,0
1355020,2013,Newnan,Georgia,35224,19.6,6351.18,46.65,919,50052,178700,29.8,52.75,30.58,11.52,0,2.85,0,1.72,0.58,1167.88,591.77,9.32,18.39,0,0,0
1355020,2014,Newnan,Georgia,35224,19.6,6564.35,46.65,919,50052,178700,29.8,52.75,30.58,11.52,0,2.85,0,1.72,0.58,1124.74,581.15,8.85,17.13,0,0,0
1355020,2015,Newnan,Georgia,35224,19.6,6782.12,46.65,919,50052,178700,29.8,52.75,30.58,11.52,0,2.85,0,1.72,0.58,723.7,57.16,0.84,10.67,1,0,0
1355020,2016,Newnan,Georgia,35224,19.6,6995.29,46.65,919,50052,178700,29.8,52.75,30.58,11.52,0,2.85,0,1.72,0.58,701.29,189.67,2.71,10.03,1,0,0
1359724,2000,Peachtree City,Georgia,31580,2.29,2025.56,18.85,990,76458,190900,24.9,85.09,6,3.75,0.13,3.65,0.03,1.16,0.19,222.82,60.42,2.98,11,0,0,0
1359724,2001,Peachtree City,Georgia,31580,2.29,2123.52,18.85,990,76458,190900,24.9,85.09,6,3.75,0.13,3.65,0.03,1.16,0.19,334.57,55.31,2.6,15.76,0,0,0
1359724,2002,Peachtree City,Georgia,31580,2.29,2218.91,18.85,990,76458,190900,24.9,85.09,6,3.75,0.13,3.65,0.03,1.16,0.19,403.71,65.65,2.96,18.19,0,0,0
1359724,2003,Peachtree City,Georgia,31580,2.29,2319.47,18.85,990,76458,190900,24.9,85.09,6,3.75,0.13,3.65,0.03,1.16,0.19,436.35,45.02,1.94,18.81,0,0,0
1359724,2004,Peachtree City,Georgia,31580,2.29,2415.85,18.85,990,76458,190900,24.9,85.09,6,3.75,0.13,3.65,0.03,1.16,0.19,352.95,50.89,2.11,14.61,0,0,0
1359724,2005,Peachtree City,Georgia,34388,2.79,2519.2,19.89,1064,93072,277600,27.3,82.11,8.41,3.34,0.23,4.43,0.17,0.94,0.37,532.12,73.71,2.93,21.12,0,0,0
1359724,2006,Peachtree City,Georgia,34388,2.79,2613.71,19.89,1064,93072,277600,27.3,82.11,8.41,3.34,0.23,4.43,0.17,0.94,0.37,630.34,168.37,6.44,24.12,0,0,0
1359724,2007,Peachtree City,Georgia,34388,2.79,2712.54,19.89,1064,93072,277600,27.3,82.11,8.41,3.34,0.23,4.43,0.17,0.94,0.37,576.55,131.11,4.83,21.26,0,0,0
1359724,2008,Peachtree City,Georgia,34388,2.79,2811.66,19.89,1064,93072,277600,27.3,82.11,8.41,3.34,0.23,4.43,0.17,0.94,0.37,400.95,94.24,3.35,14.26,0,0,0
1359724,2009,Peachtree City,Georgia,34388,2.79,2908.5,19.89,1064,93072,277600,27.3,82.11,8.41,3.34,0.23,4.43,0.17,0.94,0.37,199.97,74.26,2.55,6.88,1,0,0
1359724,2010,Peachtree City,Georgia,34364,4.22,3005.01,23.83,1157,91349,277800,26.4,77.96,7.3,7.11,0.19,5.27,0.05,1.93,0.2,163.44,122.46,4.08,5.44,1,0,0
1359724,2011,Peachtree City,Georgia,34868,5.94,3087.62,27.69,1196,85420,274600,26.3,75.72,8.12,7.35,0.35,5.38,0.09,2.99,0,148.36,106.23,3.44,4.8,1,0,0
1359724,2012,Peachtree City,Georgia,34868,5.94,3165.85,27.69,1196,85420,274600,26.3,75.72,8.12,7.35,0.35,5.38,0.09,2.99,0,140.86,92.52,2.92,4.45,1,0,0
1359724,2013,Peachtree City,Georgia,34868,5.94,3250.83,27.69,1196,85420,274600,26.3,75.72,8.12,7.35,0.35,5.38,0.09,2.99,0,162.39,84.04,2.59,5,1,0,0
1359724,2014,Peachtree City,Georgia,34868,5.94,3326.93,27.69,1196,85420,274600,26.3,75.72,8.12,7.35,0.35,5.38,0.09,2.99,0,160.28,76.19,2.29,4.82,1,0,0
1359724,2015,Peachtree City,Georgia,34868,5.94,3408.74,27.69,1196,85420,274600,26.3,75.72,8.12,7.35,0.35,5.38,0.09,2.99,0,143.42,65.03,1.91,4.21,1,0,0
1359724,2016,Peachtree City,Georgia,34868,5.94,3487.77,27.69,1196,85420,274600,26.3,75.72,8.12,7.35,0.35,5.38,0.09,2.99,0,105.62,64.88,1.86,3.03,1,0,0
1359735,2011,Peachtree Corners,Georgia,39910,8.91,,45.23,930,65319,280100,28.5,51.86,23.39,14.09,0,8.81,0.02,1.74,0.1,,,,,0,0,0
1359735,2012,Peachtree Corners,Georgia,39910,8.91,,45.23,930,65319,280100,28.5,51.86,23.39,14.09,0,8.81,0.02,1.74,0.1,,,,,0,0,0
1359735,2013,Peachtree Corners,Georgia,39910,8.91,,45.23,930,65319,280100,28.5,51.86,23.39,14.09,0,8.81,0.02,1.74,0.1,,,,,0,0,0
1359735,2014,Peachtree Corners,Georgia,39910,8.91,,45.23,930,65319,280100,28.5,51.86,23.39,14.09,0,8.81,0.02,1.74,0.1,,,,,0,0,0
1359735,2015,Peachtree Corners,Georgia,39910,8.91,,45.23,930,65319,280100,28.5,51.86,23.39,14.09,0,8.81,0.02,1.74,0.1,,,,,0,0,0
1359735,2016,Peachtree Corners,Georgia,39910,8.91,,45.23,930,65319,280100,28.5,51.86,23.39,14.09,0,8.81,0.02,1.74,0.1,,,,,0,0,0
1363952,2000,Redan,Georgia,33841,5.47,2922,24.87,802,51564,103000,25.9,5.29,90.62,1.78,0.12,0.7,0.03,1.24,0.22,1087,277,9.48,37.2,0,0,0
1363952,2001,Redan,Georgia,33841,5.47,3033,24.87,802,51564,103000,25.9,5.29,90.62,1.78,0.12,0.7,0.03,1.24,0.22,1080,297,9.79,35.61,0,0,0
1363952,2002,Redan,Georgia,33841,5.47,3140,24.87,802,51564,103000,25.9,5.29,90.62,1.78,0.12,0.7,0.03,1.24,0.22,904,213,6.78,28.79,0,0,0
1363952,2003,Redan,Georgia,33841,5.47,3253,24.87,802,51564,103000,25.9,5.29,90.62,1.78,0.12,0.7,0.03,1.24,0.22,1089,361,11.1,33.48,0,0,0
1363952,2004,Redan,Georgia,33841,5.47,3362,24.87,802,51564,103000,25.9,5.29,90.62,1.78,0.12,0.7,0.03,1.24,0.22,1339,464,13.8,39.83,0,0,0
1363952,2005,Redan,Georgia,36345,11.64,3474,32.78,978,48475,136500,32.9,3.44,90.72,3.03,0,1.72,0,1.03,0.05,1280,525,15.11,36.85,0,0,0
1363952,2006,Redan,Georgia,36345,11.64,3579,32.78,978,48475,136500,32.9,3.44,90.72,3.03,0,1.72,0,1.03,0.05,1328,520,14.53,37.11,0,0,0
1363952,2007,Redan,Georgia,36345,11.64,3691,32.78,978,48475,136500,32.9,3.44,90.72,3.03,0,1.72,0,1.03,0.05,1595,617,16.72,43.21,0,0,0
1363952,2008,Redan,Georgia,36345,11.64,3800,32.78,978,48475,136500,32.9,3.44,90.72,3.03,0,1.72,0,1.03,0.05,1550,517,13.61,40.79,0,0,0
1363952,2009,Redan,Georgia,36345,11.64,3912,32.78,978,48475,136500,32.9,3.44,90.72,3.03,0,1.72,0,1.03,0.05,1795,660,16.87,45.88,0,0,0
1363952,2010,Redan,Georgia,33015,13.22,4019,33.61,1092,44763,117000,36.1,2.58,92.69,2.42,0.21,0.5,0.02,1.38,0.2,1641,494,12.29,40.83,0,0,0
1363952,2011,Redan,Georgia,32614,12.77,4152,38.16,1027,46212,89100,36.2,3.07,90.95,2.01,0.2,1.37,0,1.91,0.48,2122,791,19.05,51.11,0,0,0
1363952,2012,Redan,Georgia,32614,12.77,4282,38.16,1027,46212,89100,36.2,3.07,90.95,2.01,0.2,1.37,0,1.91,0.48,2025,746,17.42,47.29,0,0,0
1363952,2013,Redan,Georgia,32614,12.77,4420,38.16,1027,46212,89100,36.2,3.07,90.95,2.01,0.2,1.37,0,1.91,0.48,2003,685,15.5,45.32,0,0,0
1363952,2014,Redan,Georgia,32614,12.77,4548,38.16,1027,46212,89100,36.2,3.07,90.95,2.01,0.2,1.37,0,1.91,0.48,2058,731,16.07,45.25,0,0,0
1363952,2015,Redan,Georgia,32614,12.77,4682,38.16,1027,46212,89100,36.2,3.07,90.95,2.01,0.2,1.37,0,1.91,0.48,2276,684,14.61,48.61,0,0,0
1363952,2016,Redan,Georgia,32614,12.77,4811,38.16,1027,46212,89100,36.2,3.07,90.95,2.01,0.2,1.37,0,1.91,0.48,2323,673,13.99,48.29,0,0,0
1367284,2000,Roswell,Georgia,79334,5.03,,33.04,894,71726,207700,24.6,75.47,8.34,10.61,0.13,3.7,0.03,1.47,0.24,,,,,0,0,0
1367284,2001,Roswell,Georgia,79334,5.03,10206.01,33.04,894,71726,207700,24.6,75.47,8.34,10.61,0.13,3.7,0.03,1.47,0.24,1623.48,12.11,0.12,15.91,0,0,0
1367284,2002,Roswell,Georgia,79334,5.03,10330.91,33.04,894,71726,207700,24.6,75.47,8.34,10.61,0.13,3.7,0.03,1.47,0.24,1600.92,20.08,0.19,15.5,0,0,0
1367284,2003,Roswell,Georgia,79334,5.03,10464.58,33.04,894,71726,207700,24.6,75.47,8.34,10.61,0.13,3.7,0.03,1.47,0.24,1673.14,1,0.01,15.99,0,0,0
1367284,2004,Roswell,Georgia,79334,5.03,10590.25,33.04,894,71726,207700,24.6,75.47,8.34,10.61,0.13,3.7,0.03,1.47,0.24,1540.86,3,0.03,14.55,0,0,0
1367284,2005,Roswell,Georgia,86969,3.78,10731.13,26.01,973,79733,304000,29.7,69.96,7.79,16.71,0.08,3.9,0.03,1.35,0.2,1606.06,10.88,0.1,14.97,0,0,0
1367284,2006,Roswell,Georgia,86969,3.78,10851.24,26.01,973,79733,304000,29.7,69.96,7.79,16.71,0.08,3.9,0.03,1.35,0.2,1648.03,142.69,1.31,15.19,0,0,0
1367284,2007,Roswell,Georgia,86969,3.78,10980.91,26.01,973,79733,304000,29.7,69.96,7.79,16.71,0.08,3.9,0.03,1.35,0.2,1688.16,211.3,1.92,15.37,1,0,0
1367284,2008,Roswell,Georgia,86969,3.78,11110.57,26.01,973,79733,304000,29.7,69.96,7.79,16.71,0.08,3.9,0.03,1.35,0.2,1956.88,332.96,3,17.61,0,0,0
1367284,2009,Roswell,Georgia,86969,3.78,11237.47,26.01,973,79733,304000,29.7,69.96,7.79,16.71,0.08,3.9,0.03,1.35,0.2,1578.69,460.93,4.1,14.05,1,0,0
1367284,2010,Roswell,Georgia,88346,5.12,11369.13,33.1,989,79385,293200,30.7,65.66,11.39,16.64,0.15,4.01,0.04,1.75,0.36,1968.13,612.35,5.39,17.31,1,0,0
1367284,2011,Roswell,Georgia,93471,6.07,11695.94,33.67,1032,82150,297000,29.9,64.71,13.18,14.4,0.38,5.01,0.02,1.74,0.56,2222.16,684.58,5.85,19,0,0,0
1367284,2012,Roswell,Georgia,93471,6.07,12018.59,33.67,1032,82150,297000,29.9,64.71,13.18,14.4,0.38,5.01,0.02,1.74,0.56,1968.41,500.32,4.16,16.38,1,0,0
1367284,2013,Roswell,Georgia,93471,6.07,12351.02,33.67,1032,82150,297000,29.9,64.71,13.18,14.4,0.38,5.01,0.02,1.74,0.56,1291.17,138.41,1.12,10.45,1,0,0
1367284,2014,Roswell,Georgia,93471,6.07,12668.21,33.67,1032,82150,297000,29.9,64.71,13.18,14.4,0.38,5.01,0.02,1.74,0.56,1661.22,147.14,1.16,13.11,0,0,0
1367284,2015,Roswell,Georgia,93471,6.07,12997.47,33.67,1032,82150,297000,29.9,64.71,13.18,14.4,0.38,5.01,0.02,1.74,0.56,1581.94,260.61,2.01,12.17,0,0,0
1367284,2016,Roswell,Georgia,93471,6.07,13317.67,33.67,1032,82150,297000,29.9,64.71,13.18,14.4,0.38,5.01,0.02,1.74,0.56,1637.58,312.59,2.35,12.3,0,0,0
1368516,2000,Sandy Springs,Georgia,85781,6.48,,54.32,892,60428,345200,23.7,73.04,11.82,9.93,0.12,3.26,0.05,1.41,0.38,,,,,0,0,0
1368516,2001,Sandy Springs,Georgia,85781,6.48,21379.87,54.32,892,60428,345200,23.7,73.04,11.82,9.93,0.12,3.26,0.05,1.41,0.38,4508.52,47.94,0.22,21.09,0,0,0
1368516,2002,Sandy Springs,Georgia,85781,6.48,21467.1,54.32,892,60428,345200,23.7,73.04,11.82,9.93,0.12,3.26,0.05,1.41,0.38,5137.65,86.61,0.4,23.93,0,0,0
1368516,2003,Sandy Springs,Georgia,85781,6.48,21549.95,54.32,892,60428,345200,23.7,73.04,11.82,9.93,0.12,3.26,0.05,1.41,0.38,4682.07,40,0.19,21.73,0,0,0
1368516,2004,Sandy Springs,Georgia,85781,6.48,21632.19,54.32,892,60428,345200,23.7,73.04,11.82,9.93,0.12,3.26,0.05,1.41,0.38,4796.54,58.93,0.27,22.17,0,0,0
1368516,2005,Sandy Springs,Georgia,84488,3.8,21722.06,44.59,968,76477,452700,26.5,68.65,11.96,13.07,0.2,3.84,0,0.84,1.45,5475.79,40.78,0.19,25.21,0,0,0
1368516,2006,Sandy Springs,Georgia,84488,3.8,21791.81,44.59,968,76477,452700,26.5,68.65,11.96,13.07,0.2,3.84,0,0.84,1.45,4705.08,439.4,2.02,21.59,0,0,0
1368516,2007,Sandy Springs,Georgia,84488,3.8,21877.28,44.59,968,76477,452700,26.5,68.65,11.96,13.07,0.2,3.84,0,0.84,1.45,3685.67,401.93,1.84,16.85,1,0,0
1368516,2008,Sandy Springs,Georgia,84488,3.8,21958.89,44.59,968,76477,452700,26.5,68.65,11.96,13.07,0.2,3.84,0,0.84,1.45,4213.65,827.69,3.77,19.19,0,0,0
1368516,2009,Sandy Springs,Georgia,84488,3.8,22046.37,44.59,968,76477,452700,26.5,68.65,11.96,13.07,0.2,3.84,0,0.84,1.45,3402.02,952.68,4.32,15.43,1,0,0
1368516,2010,Sandy Springs,Georgia,93853,7.13,22125.98,52.37,989,65353,426800,27.2,58.67,19.28,14.24,0.17,4.97,0.04,1.92,0.71,4632.46,1468.04,6.63,20.94,1,0,0
1368516,2011,Sandy Springs,Georgia,100691,8.39,22669.34,53.42,1034,63917,415600,28.1,58.24,19.45,13.3,0.19,6.47,0.07,1.91,0.38,4705.52,1361.28,6,20.76,0,0,0
1368516,2012,Sandy Springs,Georgia,100691,8.39,23196.46,53.42,1034,63917,415600,28.1,58.24,19.45,13.3,0.19,6.47,0.07,1.91,0.38,4260.32,1167.95,5.04,18.37,1,0,0
1368516,2013,Sandy Springs,Georgia,100691,8.39,23747.48,53.42,1034,63917,415600,28.1,58.24,19.45,13.3,0.19,6.47,0.07,1.91,0.38,2122.2,245.4,1.03,8.94,1,0,0
1368516,2014,Sandy Springs,Georgia,100691,8.39,24268.82,53.42,1034,63917,415600,28.1,58.24,19.45,13.3,0.19,6.47,0.07,1.91,0.38,3937.96,236.61,0.97,16.23,0,0,0
1368516,2015,Sandy Springs,Georgia,100691,8.39,24808.94,53.42,1034,63917,415600,28.1,58.24,19.45,13.3,0.19,6.47,0.07,1.91,0.38,3640.15,659.43,2.66,14.67,0,0,0
1368516,2016,Sandy Springs,Georgia,100691,8.39,25339.3,53.42,1034,63917,415600,28.1,58.24,19.45,13.3,0.19,6.47,0.07,1.91,0.38,3312.49,712.34,2.81,13.07,0,0,0
1371492,2000,Smyrna,Georgia,40999,8.95,,49.87,776,47572,129700,23.7,53.5,26.74,13.8,0.25,3.9,0.03,1.54,0.24,,,,,0,0,0
1371492,2001,Smyrna,Georgia,40999,8.95,10297.57,49.87,776,47572,129700,23.7,53.5,26.74,13.8,0.25,3.9,0.03,1.54,0.24,1019.1,617.42,6,9.9,0,0,0
1371492,2002,Smyrna,Georgia,40999,8.95,10384.65,49.87,776,47572,129700,23.7,53.5,26.74,13.8,0.25,3.9,0.03,1.54,0.24,2185.49,1381.64,13.3,21.05,0,0,0
1371492,2003,Smyrna,Georgia,40999,8.95,10473.24,49.87,776,47572,129700,23.7,53.5,26.74,13.8,0.25,3.9,0.03,1.54,0.24,1869.85,1211.62,11.57,17.85,0,0,0
1371492,2004,Smyrna,Georgia,40999,8.95,10558.46,49.87,776,47572,129700,23.7,53.5,26.74,13.8,0.25,3.9,0.03,1.54,0.24,2154.51,1197.04,11.34,20.41,0,0,0
1371492,2005,Smyrna,Georgia,49283,8.57,10647.09,42.08,897,55468,223100,27.9,50.37,25.91,15.61,0.03,6.15,0.45,1.26,0.22,1891.67,1023.66,9.61,17.77,0,0,0
1371492,2006,Smyrna,Georgia,49283,8.57,10727.41,42.08,897,55468,223100,27.9,50.37,25.91,15.61,0.03,6.15,0.45,1.26,0.22,2085.22,1037.46,9.67,19.44,0,0,0
1371492,2007,Smyrna,Georgia,49283,8.57,10815.99,42.08,897,55468,223100,27.9,50.37,25.91,15.61,0.03,6.15,0.45,1.26,0.22,2658.07,1438.44,13.3,24.58,0,0,0
1371492,2008,Smyrna,Georgia,49283,8.57,10902.91,42.08,897,55468,223100,27.9,50.37,25.91,15.61,0.03,6.15,0.45,1.26,0.22,2827.4,1410.68,12.94,25.93,0,0,0
1371492,2009,Smyrna,Georgia,49283,8.57,10990.09,42.08,897,55468,223100,27.9,50.37,25.91,15.61,0.03,6.15,0.45,1.26,0.22,2499.47,1311.02,11.93,22.74,0,0,0
1371492,2010,Smyrna,Georgia,51271,10.05,11075.83,47.53,938,56886,211200,30,46.56,30.82,14.91,0.21,4.83,0.05,2.2,0.43,2607.73,1363.36,12.31,23.54,0,0,0
1371492,2011,Smyrna,Georgia,53829,10.51,11270.07,49.6,951,62363,216000,27.4,45.14,31.39,14.21,0.02,7.3,0.16,1.52,0.26,2495.89,1243.73,11.04,22.15,1,0,0
1371492,2012,Smyrna,Georgia,53829,10.51,11462.16,49.6,951,62363,216000,27.4,45.14,31.39,14.21,0.02,7.3,0.16,1.52,0.26,2131.43,956.37,8.34,18.6,1,0,0
1371492,2013,Smyrna,Georgia,53829,10.51,11662.04,49.6,951,62363,216000,27.4,45.14,31.39,14.21,0.02,7.3,0.16,1.52,0.26,1926.65,728.41,6.25,16.52,1,0,0
1371492,2014,Smyrna,Georgia,53829,10.51,11845.59,49.6,951,62363,216000,27.4,45.14,31.39,14.21,0.02,7.3,0.16,1.52,0.26,1785.95,761.07,6.42,15.08,1,0,0
1371492,2015,Smyrna,Georgia,53829,10.51,12042.79,49.6,951,62363,216000,27.4,45.14,31.39,14.21,0.02,7.3,0.16,1.52,0.26,1818.83,546.83,4.54,15.1,1,0,0
1371492,2016,Smyrna,Georgia,53829,10.51,12231.92,49.6,951,62363,216000,27.4,45.14,31.39,14.21,0.02,7.3,0.16,1.52,0.26,2029.41,628.95,5.14,16.59,0,0,0
1373704,2000,Stockbridge,Georgia,9853,6.8,,25.85,742,48296,105600,23.3,69.07,20.37,4.21,0.18,4.54,0.13,1.23,0.27,,,,,0,0,0
1373704,2001,Stockbridge,Georgia,9853,6.8,,25.85,742,48296,105600,23.3,69.07,20.37,4.21,0.18,4.54,0.13,1.23,0.27,,,,,0,0,0
1373704,2002,Stockbridge,Georgia,9853,6.8,,25.85,742,48296,105600,23.3,69.07,20.37,4.21,0.18,4.54,0.13,1.23,0.27,,,,,0,0,0
1373704,2003,Stockbridge,Georgia,9853,6.8,2281.22,25.85,742,48296,105600,23.3,69.07,20.37,4.21,0.18,4.54,0.13,1.23,0.27,1074.1,282.94,12.4,47.08,0,0,0
1373704,2004,Stockbridge,Georgia,9853,6.8,2504.61,25.85,742,48296,105600,23.3,69.07,20.37,4.21,0.18,4.54,0.13,1.23,0.27,1102.29,275.66,11.01,44.01,0,0,0
1373704,2005,Stockbridge,Georgia,13970,6.82,2727.19,33.82,961,56608,168400,27.5,32.33,50.77,7.57,0.25,6.61,0.13,2.17,0.17,1142.74,217.27,7.97,41.9,0,0,0
1373704,2006,Stockbridge,Georgia,13970,6.82,2948.9,33.82,961,56608,168400,27.5,32.33,50.77,7.57,0.25,6.61,0.13,2.17,0.17,1336.49,230.23,7.81,45.32,0,0,0
1373704,2007,Stockbridge,Georgia,13970,6.82,3171.33,33.82,961,56608,168400,27.5,32.33,50.77,7.57,0.25,6.61,0.13,2.17,0.17,1349.78,341.41,10.77,42.56,0,0,0
1373704,2008,Stockbridge,Georgia,13970,6.82,3393.38,33.82,961,56608,168400,27.5,32.33,50.77,7.57,0.25,6.61,0.13,2.17,0.17,1506.56,295.77,8.72,44.4,0,0,0
1373704,2009,Stockbridge,Georgia,13970,6.82,3616.95,33.82,961,56608,168400,27.5,32.33,50.77,7.57,0.25,6.61,0.13,2.17,0.17,1594.1,380.97,10.53,44.07,0,0,0
1373704,2010,Stockbridge,Georgia,25636,11.66,3838.66,42.25,1042,55783,153000,27.9,24.96,54.61,9.55,0.26,7.47,0.07,2.7,0.39,1297.95,332.22,8.65,33.81,0,0,0
1373704,2011,Stockbridge,Georgia,27328,11.91,3930.26,42.63,1011,54283,119700,28.7,23.32,54.07,10.13,0.45,9.18,0,2.73,0.12,1331.75,420.09,10.69,33.88,0,0,0
1373704,2012,Stockbridge,Georgia,27328,11.91,4021.35,42.63,1011,54283,119700,28.7,23.32,54.07,10.13,0.45,9.18,0,2.73,0.12,1391.12,414.28,10.3,34.59,0,0,0
1373704,2013,Stockbridge,Georgia,27328,11.91,4114.59,42.63,1011,54283,119700,28.7,23.32,54.07,10.13,0.45,9.18,0,2.73,0.12,1322.2,388.62,9.44,32.13,0,0,0
1373704,2014,Stockbridge,Georgia,27328,11.91,4202.29,42.63,1011,54283,119700,28.7,23.32,54.07,10.13,0.45,9.18,0,2.73,0.12,1892.54,260.22,6.19,45.04,0,0,0
1373704,2015,Stockbridge,Georgia,27328,11.91,4294.04,42.63,1011,54283,119700,28.7,23.32,54.07,10.13,0.45,9.18,0,2.73,0.12,1568.22,328.63,7.65,36.52,0,0,0
1373704,2016,Stockbridge,Georgia,27328,11.91,4384.98,42.63,1011,54283,119700,28.7,23.32,54.07,10.13,0.45,9.18,0,2.73,0.12,1307.18,259.87,5.93,29.81,0,0,0
1377652,2000,Tucker,Georgia,26532,4.34,2565.82,25.3,839,59953,157800,23.9,68.74,13.83,7.72,0.12,7.9,0.04,1.45,0.21,644.57,156.56,6.1,25.12,0,0,0
1377652,2001,Tucker,Georgia,26532,4.34,2611.09,25.3,839,59953,157800,23.9,68.74,13.83,7.72,0.12,7.9,0.04,1.45,0.21,698.49,217.51,8.33,26.75,0,0,0
1377652,2002,Tucker,Georgia,26532,4.34,2657.01,25.3,839,59953,157800,23.9,68.74,13.83,7.72,0.12,7.9,0.04,1.45,0.21,750.59,235.27,8.85,28.25,0,0,0
1377652,2003,Tucker,Georgia,26532,4.34,2703.26,25.3,839,59953,157800,23.9,68.74,13.83,7.72,0.12,7.9,0.04,1.45,0.21,758.58,233.44,8.64,28.06,0,0,0
1377652,2004,Tucker,Georgia,26532,4.34,2745.21,25.3,839,59953,157800,23.9,68.74,13.83,7.72,0.12,7.9,0.04,1.45,0.21,642.24,163.92,5.97,23.39,0,0,0
1377652,2005,Tucker,Georgia,28753,3.85,2793.46,25.26,968,63906,217900,30.8,64.3,15.97,11.56,0.21,7.04,0,0.77,0.14,698.44,204.86,7.33,25,0,0,0
1377652,2006,Tucker,Georgia,28753,3.85,2832.42,25.26,968,63906,217900,30.8,64.3,15.97,11.56,0.21,7.04,0,0.77,0.14,746.95,207.72,7.33,26.37,0,0,0
1377652,2007,Tucker,Georgia,28753,3.85,2878.66,25.26,968,63906,217900,30.8,64.3,15.97,11.56,0.21,7.04,0,0.77,0.14,765.32,254.54,8.84,26.59,0,0,0
1377652,2008,Tucker,Georgia,28753,3.85,2920.59,25.26,968,63906,217900,30.8,64.3,15.97,11.56,0.21,7.04,0,0.77,0.14,666.77,195.81,6.7,22.83,0,0,0
1377652,2009,Tucker,Georgia,28753,3.85,2968.86,25.26,968,63906,217900,30.8,64.3,15.97,11.56,0.21,7.04,0,0.77,0.14,772.06,284.16,9.57,26.01,0,0,0
1377652,2010,Tucker,Georgia,27581,9.34,3012.79,27.77,950,64388,223700,31.4,57.83,21.76,10.62,0.21,7.33,0.07,1.91,0.27,787.83,210.06,6.97,26.15,0,0,0
1377652,2011,Tucker,Georgia,27761,14.12,3100.75,30.45,960,60656,211200,37.2,55.15,21.34,10.16,0.05,8.47,0,4.08,0.75,873.55,302.38,9.75,28.17,0,0,0
1377652,2012,Tucker,Georgia,27761,14.12,3188.69,30.45,960,60656,211200,37.2,55.15,21.34,10.16,0.05,8.47,0,4.08,0.75,838.33,246.55,7.73,26.29,0,0,0
1377652,2013,Tucker,Georgia,27761,14.12,3281.96,30.45,960,60656,211200,37.2,55.15,21.34,10.16,0.05,8.47,0,4.08,0.75,779.45,203.99,6.22,23.75,0,0,0
1377652,2014,Tucker,Georgia,27761,14.12,3364.92,30.45,960,60656,211200,37.2,55.15,21.34,10.16,0.05,8.47,0,4.08,0.75,777.83,192.95,5.73,23.12,0,0,0
1377652,2015,Tucker,Georgia,27761,14.12,3454.86,30.45,960,60656,211200,37.2,55.15,21.34,10.16,0.05,8.47,0,4.08,0.75,637.61,187.73,5.43,18.46,0,0,0
1377652,2016,Tucker,Georgia,27761,14.12,3540.82,30.45,960,60656,211200,37.2,55.15,21.34,10.16,0.05,8.47,0,4.08,0.75,666.42,140.42,3.97,18.82,0,0,0
